id	ref_id	norm_score	raw_score	length	align_ref	align_seq	ref_end	seq_end
nsp3.1	MT327745.1 Severe acute respiratory syndrome coronavirus 2 isolate SARS-CoV-2/human/TUR/ERAGEM-001/2020, complete genome	0.625	11.25	18	GATGAAGAAGAAGG-TGAT	GAGGAAGAAG-AGGACGAT	3066	18
nsp3.1	MT327745.1 Severe acute respiratory syndrome coronavirus 2 isolate SARS-CoV-2/human/TUR/ERAGEM-001/2020, complete genome	0.5833333333333334	10.5	18	GAGGATGAAGAAGAAGGT	GAGGAAGAAGAGGACGAT	3063	18
nsp3.1	MT327745.1 Severe acute respiratory syndrome coronavirus 2 isolate SARS-CoV-2/human/TUR/ERAGEM-001/2020, complete genome	0.4722222222222222	8.5	18	GAGGATGAAGAAGAAGG-	GAGGAAGAAGAGGACGAT	3062	18
nsp3.1	MT327745.1 Severe acute respiratory syndrome coronavirus 2 isolate SARS-CoV-2/human/TUR/ERAGEM-001/2020, complete genome	0.4444444444444444	8.0	18	GAGGATGAAGAAGA--AG	GAGGAAGAAGAGGACGAT	3061	18
nsp3.1	MT327745.1 Severe acute respiratory syndrome coronavirus 2 isolate SARS-CoV-2/human/TUR/ERAGEM-001/2020, complete genome	0.4444444444444444	8.0	18	GAGGATGAAGA--A-GAA	GAGGAAGAAGAGGACGAT	3060	18
nsp3.1	MT327745.1 Severe acute respiratory syndrome coronavirus 2 isolate SARS-CoV-2/human/TUR/ERAGEM-001/2020, complete genome	0.4444444444444444	8.0	18	GAGGATGAAGA--A-GA-	GAGGAAGAAGAGGACGAT	3059	18
nsp3.1	MT327745.1 Severe acute respiratory syndrome coronavirus 2 isolate SARS-CoV-2/human/TUR/ERAGEM-001/2020, complete genome	0.4166666666666667	7.5	18	GAACGGTAATAA-AGGAGCTGGT	G-A-GG-AAGAAGAGGA-C-GAT	657	18
nsp3.1	MT327745.1 Severe acute respiratory syndrome coronavirus 2 isolate SARS-CoV-2/human/TUR/ERAGEM-001/2020, complete genome	0.4166666666666667	7.5	18	GAGGAGGTCTTATCAGAGGCACG-T	GAGGAAG----A--AGAGG-ACGAT	390	18
nsp3.1	MT327745.1 Severe acute respiratory syndrome coronavirus 2 isolate SARS-CoV-2/human/TUR/ERAGEM-001/2020, complete genome	0.3888888888888889	7.0	18	GACCGAAAGGTAAGATGGA-GAG	GA--GGAA-G-AAGA-GGACGAT	269	18
nsp3.1	MT327745.1 Severe acute respiratory syndrome coronavirus 2 isolate SARS-CoV-2/human/TUR/ERAGEM-001/2020, complete genome	0.3888888888888889	7.0	18	GACCGAAAGGTAAGATGGA-GA-	GA--GGAA-G-AAGA-GGACGAT	268	18
nsp3.2	MT327745.1 Severe acute respiratory syndrome coronavirus 2 isolate SARS-CoV-2/human/TUR/ERAGEM-001/2020, complete genome	0.6022727272727273	13.25	22	GAAGAAG-AGCAAGAAGAAGATT	GAGGAAGAAG-AAGAGGAAGACT	3196	22
nsp3.2	MT327745.1 Severe acute respiratory syndrome coronavirus 2 isolate SARS-CoV-2/human/TUR/ERAGEM-001/2020, complete genome	0.6022727272727273	13.25	22	GAGGATGAAGAAGAAGG-TGATT	GAGGAAGAAGAAG-AGGAAGACT	3067	22
nsp3.2	MT327745.1 Severe acute respiratory syndrome coronavirus 2 isolate SARS-CoV-2/human/TUR/ERAGEM-001/2020, complete genome	0.5909090909090909	13.0	22	GAGGATGAAGAAGAAGG-TGA-T	GAGGAAGAAGAAG-AGGAAGACT	3066	22
nsp3.2	MT327745.1 Severe acute respiratory syndrome coronavirus 2 isolate SARS-CoV-2/human/TUR/ERAGEM-001/2020, complete genome	0.5	11.0	22	GAGGATGAAGAAGAAGG-TGA--	GAGGAAGAAGAAG-AGGAAGACT	3065	22
nsp3.2	MT327745.1 Severe acute respiratory syndrome coronavirus 2 isolate SARS-CoV-2/human/TUR/ERAGEM-001/2020, complete genome	0.5	11.0	22	GATGAGGATGAAGAAGAAGG-T	GAGGAAGAAGAAGAGGAAGACT	3063	22
nsp3.2	MT327745.1 Severe acute respiratory syndrome coronavirus 2 isolate SARS-CoV-2/human/TUR/ERAGEM-001/2020, complete genome	0.4772727272727273	10.5	22	GACCGAA-AGGTAAGATGGAGAGCCT	GA-GGAAGAAG-AAGA-GGA-AGACT	272	22
nsp3.2	MT327745.1 Severe acute respiratory syndrome coronavirus 2 isolate SARS-CoV-2/human/TUR/ERAGEM-001/2020, complete genome	0.38636363636363635	8.5	22	GACCGAA-AGGTAAGATGG-AGAGCC	GA-GGAAGAAG-AAGA-GGAAGA-CT	271	22
nsp3.2	MT327745.1 Severe acute respiratory syndrome coronavirus 2 isolate SARS-CoV-2/human/TUR/ERAGEM-001/2020, complete genome	0.38636363636363635	8.5	22	GACCGAA-AGGTAAGATGG-AGAGC-	GA-GGAAGAAG-AAGA-GGAAGA-CT	270	22
nsp3.2	MT327745.1 Severe acute respiratory syndrome coronavirus 2 isolate SARS-CoV-2/human/TUR/ERAGEM-001/2020, complete genome	0.3409090909090909	7.5	22	GACCGAA-AGGTAAGATGG-AGA-G	GA-GGAAGAAG-AAGA-GGAAGACT	269	22
nsp3.2	MT327745.1 Severe acute respiratory syndrome coronavirus 2 isolate SARS-CoV-2/human/TUR/ERAGEM-001/2020, complete genome	0.3409090909090909	7.5	22	GACCGAA-AGGTAAGATGG-AGA--	GA-GGAAGAAG-AAGA-GGAAGACT	268	22
N	MT327745.1 Severe acute respiratory syndrome coronavirus 2 isolate SARS-CoV-2/human/TUR/ERAGEM-001/2020, complete genome	0.7142857142857143	15.0	21	AGGAACTGGGCCAGAAGCTGGAC	AGGAACTGGCCCAGAAGCT--TC	28630	21
N	MT327745.1 Severe acute respiratory syndrome coronavirus 2 isolate SARS-CoV-2/human/TUR/ERAGEM-001/2020, complete genome	0.7142857142857143	15.0	21	AGGAACTGGGCCAGAAGCTGG	AGGAACTGGCCCAGAAGCTTC	28628	21
N	MT327745.1 Severe acute respiratory syndrome coronavirus 2 isolate SARS-CoV-2/human/TUR/ERAGEM-001/2020, complete genome	0.7142857142857143	15.0	21	AGGAACTGGGCCAGAAGC-TG	AGGAACTGGCCCAGAAGCTTC	28627	21
N	MT327745.1 Severe acute respiratory syndrome coronavirus 2 isolate SARS-CoV-2/human/TUR/ERAGEM-001/2020, complete genome	0.7142857142857143	15.0	21	AGGAACTGGGCCAGAAGC-T-	AGGAACTGGCCCAGAAGCTTC	28626	21
N	MT327745.1 Severe acute respiratory syndrome coronavirus 2 isolate SARS-CoV-2/human/TUR/ERAGEM-001/2020, complete genome	0.6190476190476191	13.0	21	AGGAACTGGGCCAGAAG---C	AGGAACTGGCCCAGAAGCTTC	28625	21
N	MT327745.1 Severe acute respiratory syndrome coronavirus 2 isolate SARS-CoV-2/human/TUR/ERAGEM-001/2020, complete genome	0.5238095238095238	11.0	21	AGGAACTGGGCCAGAAG----	AGGAACTGGCCCAGAAGCTTC	28624	21
N	MT327745.1 Severe acute respiratory syndrome coronavirus 2 isolate SARS-CoV-2/human/TUR/ERAGEM-001/2020, complete genome	0.44047619047619047	9.25	21	AGG-ACATGACCTATAGAAGACTCATC	AGGAAC-TGGCC--CAGAAG-CT--TC	18200	21
N	MT327745.1 Severe acute respiratory syndrome coronavirus 2 isolate SARS-CoV-2/human/TUR/ERAGEM-001/2020, complete genome	0.44047619047619047	9.25	21	AGG-ACATGACCTATAGAAGAC-TC	AGGAAC-TGGCC--CAGAAG-CTTC	18197	21
N	MT327745.1 Severe acute respiratory syndrome coronavirus 2 isolate SARS-CoV-2/human/TUR/ERAGEM-001/2020, complete genome	0.44047619047619047	9.25	21	AGAAAC--GCTCA-AAGCTAC	AGGAACTGGCCCAGAAGCTTC	16654	21
N	MT327745.1 Severe acute respiratory syndrome coronavirus 2 isolate SARS-CoV-2/human/TUR/ERAGEM-001/2020, complete genome	0.44047619047619047	9.25	21	AGAAACCT-GCTTCAAGAGAGCTTA	AGGAA-CTGGC-CC-AGA-AGCTTC	6127	21
